<?xml version="1.0" encoding="UTF-8"?>
<project-private xmlns="http://www.netbeans.org/ns/project-private/1">
    <editor-bookmarks xmlns="http://www.netbeans.org/ns/editor-bookmarks/2" lastBookmarkId="0"/>
    <open-files xmlns="http://www.netbeans.org/ns/projectui-open-files/2">
        <group>
            <file>file:/D:/Utilisateurs/phwu963/App/coral/UniServer/www/new-spk/fo/www/index.html</file>
            <file>file:/D:/Utilisateurs/phwu963/App/coral/UniServer/www/new-spk/fo/www/css/spk.css</file>
            <file>file:/D:/Utilisateurs/phwu963/App/coral/UniServer/www/new-spk/fo/www/css/business-casual.css</file>
        </group>
    </open-files>
</project-private>
